,0
2015-01-01,-69502.81816315523
2015-01-02,-264441.2002901032
2015-01-03,-263315.1320348503
2015-01-04,-232288.16104604682
2015-01-05,-336348.1693576773
2015-01-06,-348690.32329181687
2015-01-07,-333952.89964024484
2015-01-08,-508205.54851528816
2015-01-09,-778400.7387707701
2015-01-10,-1785175.4362513921
2015-01-11,-725093.1268375912
2015-01-12,-269953.04303641996
2015-01-13,-31375.814579652506
2015-01-14,-112431.89871109335
2015-01-15,-81728.90532732417
2015-01-16,-75042.49389097857
2015-01-17,-168867.3969133889
2015-01-18,-125609.36540391279
2015-01-19,-53480.28834430393
2015-01-20,-138056.7285684023
2015-01-21,2365109.498927935
2015-01-22,1008022.1827834803
2015-01-23,442623.3720753647
2015-01-24,-80917.36648351181
2015-01-25,-41883.65529900871
2015-01-26,68838.77946866263
2015-01-27,-144628.29527638893
2015-01-28,-6008.400053869758
2015-01-29,11707.429962764698
2015-01-30,-65496.341906176356
2015-01-31,-133246.45008405042
2015-02-01,-160466.04301702013
2015-02-02,14126.996645824926
2015-02-03,-40046.48985100468
2015-02-04,-98038.45326993836
2015-02-05,-111657.6753291724
2015-02-06,-84361.35187650681
2015-02-07,-330354.38349515246
2015-02-08,-548385.831209539
2015-02-09,-822050.0406079288
2015-02-10,-233453.9808198755
2015-02-11,-135123.70698190457
2015-02-12,-3886.8343210668827
2015-02-13,-26223.695628934656
2015-02-14,-94162.7722447883
2015-02-15,-136900.96152954682
2015-02-16,-52097.310728760465
2015-02-17,-105671.73408510574
2015-02-18,-79074.75142645091
2015-02-19,13227.017933836789
2015-02-20,1558967.101325159
2015-02-21,95403.87851678673
2015-02-22,-141749.41031381057
2015-02-23,-5523.9359184848145
2015-02-24,433587.5219090906
2015-02-25,227413.37705115636
2015-02-26,147575.82431320852
2015-02-27,56440.57877865585
2015-02-28,-146470.91763072915
2015-03-01,-141425.86836964136
2015-03-02,-30992.796726689936
2015-03-03,6263.048348842567
2015-03-04,25896.005588158907
2015-03-05,35335.79161023832
2015-03-06,-64513.36461276183
2015-03-07,-104996.00011510937
2015-03-08,-107365.8592177112
2015-03-09,-226821.0777503744
2015-03-10,-78854.53481959895
2015-03-11,-497661.01986164995
2015-03-12,-336821.2414348114
2015-03-13,-113341.3481835706
2015-03-14,-95485.08590449588
2015-03-15,-77598.68217014076
2015-03-16,-2341.9760521136923
2015-03-17,-51646.39138491484
2015-03-18,-19102.967642902455
2015-03-19,-87067.31606045022
2015-03-20,566517.1739727277
2015-03-21,1580230.0503116855
2015-03-22,-1754081.4228180454
2015-03-23,-24211.681888543768
2015-03-24,187206.0171141511
2015-03-25,82127.17227968911
2015-03-26,-155194.65684850962
2015-03-27,-205044.73973011778
2015-03-28,-197996.86834526306
2015-03-29,-310098.10627912404
2015-03-30,17237.467902058386
2015-03-31,-5187.335083165701
2015-04-01,-56581.450814637064
2015-04-02,-21049.36898300238
2015-04-03,-29893.50517775328
2015-04-04,-79307.07107961041
2015-04-05,-137349.14388159238
2015-04-06,-111684.50508928046
2015-04-07,-39826.92229307018
2015-04-08,-52598.69562134243
2015-04-09,-279083.222820652
2015-04-10,-500793.55832002306
2015-04-11,-215495.04477903328
2015-04-12,-166798.50312302363
2015-04-13,-107461.21275215835
2015-04-14,-36373.895491676376
2015-04-15,-85265.23215451185
2015-04-16,-69927.53997535654
2015-04-17,-101131.26178956835
2015-04-18,-74225.06198549486
2015-04-19,-440144.9508757808
2015-04-20,-184730.42412015132
2015-04-21,-23284.42930487753
2015-04-22,-241826.14066585957
2015-04-23,33647.24150965101
2015-04-24,41630.705134321586
2015-04-25,-238773.80568498396
2015-04-26,-132657.3138096027
2015-04-27,26886.513395849703
2015-04-28,-86812.2504557452
2015-04-29,210917.06518361863
2015-04-30,72922.97887389807
2015-05-01,-21856.77700294694
2015-05-02,-71658.72633131669
2015-05-03,-80299.3226931825
2015-05-04,-81037.02311925436
2015-05-05,39679.57774994444
2015-05-06,26537.983168814215
2015-05-07,109714.34232862096
2015-05-08,117242.85122639258
2015-05-09,-38019.63157012501
2015-05-10,-136735.0171409345
2015-05-11,10280.927276121307
2015-05-12,170349.3911511936
2015-05-13,113092.2754207718
2015-05-14,100099.76518006556
2015-05-15,91213.89704376596
2015-05-16,57128.16740012585
2015-05-17,66901.95864226526
2015-05-18,101309.22828325766
2015-05-19,-61140.42767178523
2015-05-20,-159213.628852071
2015-05-21,266274.6953241406
2015-05-22,-28729.29251662956
2015-05-23,-40973.96225261362
2015-05-24,-120433.28891312133
2015-05-25,6704.67945257941
2015-05-26,103273.21647009463
2015-05-27,65383.642895142664
2015-05-28,78203.40100217679
2015-05-29,35938.91707525338
2015-05-30,69778.20845054998
2015-05-31,11379.989821391995
2015-06-01,77059.03889786662
2015-06-02,26349.528535319347
2015-06-03,391122.1707995869
2015-06-04,28024.977827928145
2015-06-05,58198.865114124725
2015-06-06,13860.336345259915
2015-06-07,-47527.24255739845
2015-06-08,-21611.508883510236
2015-06-09,-56645.36281588956
2015-06-10,54988.247907828656
2015-06-11,-19969.121010156392
2015-06-12,66374.53665306806
2015-06-13,27390.076187253027
2015-06-14,23797.197651957656
2015-06-15,92945.926147402
2015-06-16,19480.648981054837
2015-06-17,67523.94961159944
2015-06-18,-106952.92083457048
2015-06-19,148244.5806740988
2015-06-20,-1182250.3146016204
2015-06-21,-441888.6575500065
2015-06-22,54680.80230789597
2015-06-23,163651.55214953853
2015-06-24,134979.04541545914
2015-06-25,328488.65841893683
2015-06-26,201063.9985630013
2015-06-27,88551.19692049388
2015-06-28,-174546.85801622362
2015-06-29,-40402.00766925089
2015-06-30,169536.09473418523
2015-07-01,187958.62603325836
2015-07-02,29019.890396261733
2015-07-03,-201749.03344934282
2015-07-04,1998.8587320375664
2015-07-05,-49869.557858889486
2015-07-06,-14545.411310992931
2015-07-07,138583.41304683103
2015-07-08,105981.79912587185
2015-07-09,67552.12053719668
2015-07-10,106662.95558984534
2015-07-11,49324.57102900697
2015-07-12,-14891.53507840223
2015-07-13,89407.68583802652
2015-07-14,85661.12676672378
2015-07-15,63502.86626288647
2015-07-16,126589.90925477465
2015-07-17,703909.2914761604
2015-07-18,532332.0478879495
2015-07-19,-380152.85597781953
2015-07-20,-73710.89387513045
2015-07-21,165317.97856079158
2015-07-22,-136295.90816644055
2015-07-23,-47243.96998493507
2015-07-24,118857.75597284664
2015-07-25,-247531.3217311604
2015-07-26,-186532.041147472
2015-07-27,89230.82980055519
2015-07-28,70569.2075736991
2015-07-29,133707.1905173455
2015-07-30,122763.85648348599
2015-07-31,-34591.51790924273
2015-08-01,5702.9420232158445
2015-08-02,-82823.00508676746
2015-08-03,306317.77393817145
2015-08-04,275192.0905794314
2015-08-05,41323.619601788276
2015-08-06,-4560.864761979305
2015-08-07,79168.73215421278
2015-08-08,-49976.73447770582
2015-08-09,-55257.82053384613
2015-08-10,52051.974427037145
2015-08-11,144099.93506171042
2015-08-12,143435.49144262486
2015-08-13,96656.30884607986
2015-08-14,109523.53900854019
2015-08-15,150217.1690760473
2015-08-16,-272865.30148062855
2015-08-17,-242592.88597495406
2015-08-18,-253993.49190936232
2015-08-19,-443410.26574413734
2015-08-20,903567.1109542656
2015-08-21,397353.9402104527
2015-08-22,393269.3652037446
2015-08-23,138491.1664425712
2015-08-24,79456.34386495224
2015-08-25,99813.71788930285
2015-08-26,132161.91693426121
2015-08-27,124856.65389144552
2015-08-28,61077.10023689529
2015-08-29,-117300.57511117044
2015-08-30,-74433.74100335664
2015-08-31,-165.0674377324758
2015-09-01,-34188.50638342311
2015-09-02,-67725.50928349036
2015-09-03,-150545.93881464025
2015-09-04,-36115.78602317661
2015-09-05,-30896.61621941693
2015-09-06,-80987.680793582
2015-09-07,71142.74401601325
2015-09-08,30600.369838166676
2015-09-09,93300.39038107853
2015-09-10,-3724.9175554649264
2015-09-11,50986.730024620134
2015-09-12,-31661.035582573022
2015-09-13,-66208.61351279484
2015-09-14,191406.5998133882
2015-09-15,-155773.94264134637
2015-09-16,13547.446791734546
2015-09-17,-302815.77909399074
2015-09-18,-425219.1107592245
2015-09-19,-619951.3265479573
2015-09-20,-412593.7699971922
2015-09-21,1007995.7863390968
2015-09-22,613713.4421789306
2015-09-23,99900.38933255945
2015-09-24,172720.28035543364
2015-09-25,-67206.48389647075
2015-09-26,-50551.72113840931
2015-09-27,10504.43026778358
2015-09-28,64832.801558696534
2015-09-29,112128.10838391569
2015-09-30,271710.72809039225
2015-10-01,103982.31442587593
2015-10-02,183022.9558523381
2015-10-03,88003.98918558784
2015-10-04,8843.119887555687
2015-10-05,59594.772712593985
2015-10-06,4304.872787931556
2015-10-07,173032.76024943782
2015-10-08,18881.498269737785
2015-10-09,37487.976196623116
2015-10-10,-71256.92590404328
2015-10-11,-100070.65043405458
2015-10-12,11162.20190747836
2015-10-13,3837.78581857073
2015-10-14,-91327.06659480967
2015-10-15,-43791.08618135136
2015-10-16,-163431.72661508826
2015-10-17,-186657.8714298954
2015-10-18,-281849.6859048585
2015-10-19,-390887.0464336983
2015-10-20,399100.4221110001
2015-10-21,1302507.3666991014
2015-10-22,132516.4075801198
2015-10-23,216545.54504616326
2015-10-24,-101166.25008014421
2015-10-25,-63190.92037039547
2015-10-26,23764.667780042975
2015-10-27,77726.23398457386
2015-10-28,56792.71452917805
2015-10-29,-5196.406660406094
2015-10-30,-72433.19147437866
2015-10-31,-126942.773118024
2015-11-01,-205707.7055044024
2015-11-02,-83421.83415476052
2015-11-03,16652.43840587839
2015-11-04,-51159.086617809604
2015-11-05,-4668.495908573415
2015-11-06,-167178.67384930034
2015-11-07,3504.5518556386232
2015-11-08,-128123.41645345846
2015-11-09,44979.69626294644
2015-11-10,-48254.92452789999
2015-11-11,-23513.711670855977
2015-11-12,280686.61475490173
2015-11-13,-88508.3916660909
2015-11-14,-103687.18340614485
2015-11-15,-40737.61995324935
2015-11-16,-121453.15918797045
2015-11-17,-94237.9612031377
2015-11-18,-232708.75476180884
2015-11-19,-457429.34898242506
2015-11-20,-465384.3596502959
2015-11-21,-680877.692603496
2015-11-22,-420271.5450758426
2015-11-23,184866.43346296705
2015-11-24,279939.38883066806
2015-11-25,131495.76782606327
2015-11-26,-23464.310548155976
2015-11-27,75077.69384223761
2015-11-28,-50360.30600093055
2015-11-29,-107807.35965404398
2015-11-30,35118.09750903046
2015-12-01,41932.054989848315
2015-12-02,181488.48811021965
2015-12-03,662.8754804976052
2015-12-04,19658.36918538269
2015-12-05,-28759.812372656306
2015-12-06,-114134.06565026354
2015-12-07,38319.57588986584
2015-12-08,-27642.459808423548
2015-12-09,107898.83420294488
2015-12-10,39180.341750218315
2015-12-11,58719.39755324174
2015-12-12,-147440.12023048248
2015-12-13,-96429.75898932508
2015-12-14,-61329.44318922104
2015-12-15,118021.27262014171
2015-12-16,370417.10789993516
2015-12-17,148531.23451365053
2015-12-18,706953.6396799695
2015-12-19,533633.560607973
2015-12-20,-601423.6620443203
2015-12-21,467957.31471135013
2015-12-22,252806.043708736
2015-12-23,102575.60350389569
2015-12-24,42936.719111867715
2015-12-25,281779.0554743864
2015-12-26,-49310.84219261794
2015-12-27,-65134.12963217753
2015-12-28,103168.9013441442
2015-12-29,30704.57956225687
2015-12-30,132062.6024381394
2015-12-31,85192.79740550462
2016-01-01,-197259.77910412816
2016-01-02,-37158.04942825515
2016-01-03,-25740.313413410244
2016-01-04,-21154.39504827057
2016-01-05,-21316.14839383826
2016-01-06,-58150.68874805697
2016-01-07,-52105.420273051044
2016-01-08,-149516.31872069827
2016-01-09,-7924.416456165141
2016-01-10,-77238.00831291656
2016-01-11,-30677.096779688727
2016-01-12,-43248.64760708151
2016-01-13,-4328.174044456566
2016-01-14,-101802.49333331839
2016-01-15,-248382.37654787453
2016-01-16,-183066.08939423662
2016-01-17,-542126.4898191154
2016-01-18,-403441.5966355344
2016-01-19,-881487.2439220471
2016-01-20,745454.9011756545
2016-01-21,300679.30356109794
2016-01-22,233040.22417769907
2016-01-23,-146657.7168222526
2016-01-24,-158998.68620661634
2016-01-25,-43025.293939662864
2016-01-26,59909.21174763737
2016-01-27,65384.216267683165
2016-01-28,-52784.70722593891
2016-01-29,-9629.361036542774
2016-01-30,-193112.9185286874
2016-01-31,3688.665734235692
2016-02-01,16860.999666955846
2016-02-02,17939.406871484796
2016-02-03,98687.22141836514
2016-02-04,54867.564628402266
2016-02-05,24129.724907977885
2016-02-06,8222.49816690007
2016-02-07,-60519.11335567376
2016-02-08,38946.89272832536
2016-02-09,121866.65774061173
2016-02-10,29422.66706804186
2016-02-11,104705.44434928757
2016-02-12,-4904.1950199565035
2016-02-13,-63722.43887447432
2016-02-14,-176422.60224885397
2016-02-15,-5239.850153083593
2016-02-16,-230373.44982983958
2016-02-17,-76597.34507455956
2016-02-18,-299715.9225623065
2016-02-19,-839497.0695707579
2016-02-20,1156411.734388854
2016-02-21,121701.16247480037
2016-02-22,228972.28615766927
2016-02-23,65860.06303243025
2016-02-24,282364.81421860994
2016-02-25,57068.43055203694
2016-02-26,120019.5229099044
2016-02-27,123107.44477283387
2016-02-28,-115134.14377384371
2016-02-29,267963.57879441115
2016-03-01,41730.61926149571
2016-03-02,92325.56724764267
2016-03-03,24587.69119598373
2016-03-04,126650.8916909117
2016-03-05,72501.31235970938
2016-03-06,61483.32098978839
2016-03-07,-55971.93474381996
2016-03-08,-51346.44703899455
2016-03-09,33091.899146065814
2016-03-10,11593.373169952538
2016-03-11,-39190.319202739454
2016-03-12,-112167.46825827417
2016-03-13,-68752.41830086932
2016-03-14,-9808.3198808874
2016-03-15,14795.40160005202
2016-03-16,-50591.717396070715
2016-03-17,-179672.10685453078
2016-03-18,-281456.6054292924
2016-03-19,-422917.1832484744
2016-03-20,-548442.2515042706
2016-03-21,374513.7214407731
2016-03-22,458252.09858942614
2016-03-23,2082.9322075928794
2016-03-24,18897.01080179133
2016-03-25,-124214.69692656398
2016-03-26,-97902.52928400587
2016-03-27,-247528.38042276382
2016-03-28,43725.35074668328
2016-03-29,15583.706097076822
2016-03-30,95282.03253999195
2016-03-31,60444.48435503748
2016-04-01,26474.170866813365
2016-04-02,-107410.44648609107
2016-04-03,-169681.19840193127
2016-04-04,15509.122590314713
2016-04-05,155057.57008245558
2016-04-06,136009.7944477484
2016-04-07,78836.00492071983
2016-04-08,62769.455400004575
2016-04-09,-70361.60038671506
2016-04-10,-51611.45221954258
2016-04-11,123449.86038643666
2016-04-12,102124.71622202915
2016-04-13,-7353.153888514498
2016-04-14,-73826.42951910762
2016-04-15,47309.65381297405
2016-04-16,-20089.858935459517
2016-04-17,-147386.59543394268
2016-04-18,-133748.65900933766
2016-04-19,356112.9231846603
2016-04-20,829609.178797055
2016-04-21,2404.868762011174
2016-04-22,235251.19042011106
2016-04-23,-231870.24296323338
2016-04-24,-256573.0268410733
2016-04-25,56770.78679937575
2016-04-26,117807.70687358704
2016-04-27,-64358.15473529513
2016-04-28,3888.605382756825
2016-04-29,-176642.8106285414
2016-04-30,-166703.66198624705
2016-05-01,-146191.266312721
2016-05-02,-44697.18128921185
2016-05-03,-111905.21172112238
2016-05-04,-72603.9132567546
2016-05-05,-166974.75061170285
2016-05-06,14300.180157079856
2016-05-07,-3376.7591570299846
2016-05-08,-192277.1870134197
2016-05-09,-107963.70955070583
2016-05-10,104306.05699340702
2016-05-11,30498.525766706385
2016-05-12,82931.48147484248
2016-05-13,-10518.563317933702
2016-05-14,-107679.92589740735
2016-05-15,-157513.2801447815
2016-05-16,330.9607060395356
2016-05-17,73595.58570981206
2016-05-18,-118026.61282492755
2016-05-19,-387074.82446306
2016-05-20,118664.30180571298
2016-05-21,-222293.40711814794
2016-05-22,-381020.3485809732
2016-05-23,219384.78275663865
2016-05-24,77274.94080092566
2016-05-25,-63536.24688232376
2016-05-26,-71809.52946599483
2016-05-27,-66697.464442737
2016-05-28,-90822.77694055135
2016-05-29,-221068.06661709538
2016-05-30,23858.716415345087
2016-05-31,129265.81874737184
2016-06-01,21867.458068642358
2016-06-02,105315.41144335395
2016-06-03,144148.60456208262
2016-06-04,-85916.07471519223
2016-06-05,17060.970449760614
2016-06-06,45231.15096445335
2016-06-07,19618.288083538966
2016-06-08,50032.04489616054
2016-06-09,-103209.31942584747
2016-06-10,-96421.35593471766
2016-06-11,-94084.92047199392
2016-06-12,-96118.51807646517
2016-06-13,25160.535847206425
2016-06-14,-66775.4721538924
2016-06-15,-64542.68174552545
2016-06-16,-72566.93126215454
2016-06-17,-96998.67413691158
2016-06-18,-312012.46130576043
2016-06-19,-1603323.8264002847
2016-06-20,326672.01281968376
2016-06-21,452653.4160331256
2016-06-22,104807.40157043224
2016-06-23,202005.5869457613
2016-06-24,32788.41934389298
2016-06-25,-85046.95568302966
2016-06-26,-111264.23865127796
2016-06-27,111982.04125114813
2016-06-28,150669.24059152036
2016-06-29,70782.51399499667
2016-06-30,-53422.5745676127
2016-07-01,129734.53632807269
2016-07-02,-77172.99332998613
2016-07-03,-183959.37130812556
2016-07-04,65470.04885958304
2016-07-05,74252.2838361612
2016-07-06,-67843.48684198575
2016-07-07,-113979.99757814212
2016-07-08,-89468.60330776978
2016-07-09,-109598.10023013531
2016-07-10,-118753.47541254715
2016-07-11,193116.27699083983
2016-07-12,71505.9391222414
2016-07-13,6653.382624835795
2016-07-14,-18599.570558896405
2016-07-15,31450.893591455882
2016-07-16,-103671.22350600944
2016-07-17,-68983.4765985363
2016-07-18,-65673.78297154943
2016-07-19,-821539.8827966657
2016-07-20,279007.75750069995
2016-07-21,1079036.588762934
2016-07-22,4251.241396717145
2016-07-23,-4920.224632134603
2016-07-24,-69215.0730062867
2016-07-25,430055.46792551083
2016-07-26,4594.334408836759
2016-07-27,112746.92847384565
2016-07-28,-49238.74513548089
2016-07-29,-58045.67039930314
2016-07-30,-83475.70830144244
2016-07-31,-64445.23921070559
2016-08-01,272985.0800669371
2016-08-02,198918.78283429495
2016-08-03,54609.069410306605
2016-08-04,321862.7664012876
2016-08-05,84677.79005123292
2016-08-06,12410.106486706878
2016-08-07,58163.19850866322
2016-08-08,86222.87091695683
2016-08-09,42950.64795606714
2016-08-10,-80866.9942008917
2016-08-11,9682.180780745985
2016-08-12,35497.84708363026
2016-08-13,-12189.331084656762
2016-08-14,-93667.7297676316
2016-08-15,60490.51600486023
2016-08-16,8098.841091602226
2016-08-17,-35320.31320613285
2016-08-18,-454122.66270338965
2016-08-19,-862471.37911615
2016-08-20,-878994.4595765594
2016-08-21,-335852.9720629202
2016-08-22,450760.358571394
2016-08-23,1103216.0585267954
2016-08-24,540678.7819279288
2016-08-25,307149.816344928
2016-08-26,83123.47283634028
2016-08-27,-107407.08149976927
2016-08-28,-74547.48133979332
2016-08-29,83603.30035812252
2016-08-30,30093.21168841672
2016-08-31,84475.79041997797
2016-09-01,-72442.22297870921
2016-09-02,94541.66754499928
2016-09-03,-255600.68367352063
2016-09-04,-42549.219776713595
2016-09-05,80801.95986083074
2016-09-06,96437.63347088678
2016-09-07,102451.93039990934
2016-09-08,77316.99381736171
2016-09-09,144393.2720240943
2016-09-10,-41589.55050710868
2016-09-11,116279.49499007443
2016-09-12,60847.805229731806
2016-09-13,13736.102852473574
2016-09-14,84650.55913674716
2016-09-15,32891.81152450442
2016-09-16,13456.759029375738
2016-09-17,-216064.09240090637
2016-09-18,-506999.07295221544
2016-09-19,-413630.21526843705
2016-09-20,1086149.8738373169
2016-09-21,879801.543980309
2016-09-22,-436000.3479874083
2016-09-23,-181126.62412790023
2016-09-24,-90500.05121653734
2016-09-25,-112640.41699635421
2016-09-26,41080.89728157254
2016-09-27,71301.9437256461
2016-09-28,7595.234276966075
2016-09-29,317710.4837613232
2016-09-30,-222830.0652778096
2016-10-01,-145132.26683881314
2016-10-02,-183720.9335585964
2016-10-03,-194996.16745789562
2016-10-04,-70218.1696926341
2016-10-05,-29404.177377982705
2016-10-06,-12557.31860118157
2016-10-07,24731.250458717084
2016-10-08,2785.8063560219307
2016-10-09,-118927.9458747436
2016-10-10,15140.567464604435
2016-10-11,47297.84964502753
2016-10-12,69176.74255997408
2016-10-13,17910.53736508469
2016-10-14,5177.165554973326
2016-10-15,14043.234323266282
2016-10-16,-85654.83085494731
2016-10-17,-144439.43942166303
2016-10-18,-208531.73133411986
2016-10-19,-345987.70575393096
2016-10-20,-192157.449702002
2016-10-21,1170057.1738786255
2016-10-22,-43615.9106418849
2016-10-23,-373639.65401580115
2016-10-24,286673.4434030609
2016-10-25,318282.4220038181
2016-10-26,119645.26638423814
2016-10-27,125602.99795765808
2016-10-28,312878.85265902546
2016-10-29,-119376.07685932651
2016-10-30,33699.884918813215
2016-10-31,125174.63329746533
2016-11-01,101536.38071163028
2016-11-02,81858.36540131677
2016-11-03,72349.21730692274
2016-11-04,16960.199601119544
2016-11-05,49068.355226902466
2016-11-06,-7164.772022059071
2016-11-07,-481.61701181458193
2016-11-08,33709.86240363415
2016-11-09,32991.57226732047
2016-11-10,-90631.66874180228
2016-11-11,38682.12618830048
2016-11-12,-49567.18179489981
2016-11-13,-119046.2795502085
2016-11-14,-23067.42307533222
2016-11-15,135153.04064223566
2016-11-16,14036.509164702147
2016-11-17,-131698.96365828146
2016-11-18,1024922.6888043873
2016-11-19,-262956.32633328135
2016-11-20,-919833.548018876
2016-11-21,-7655.024295114388
2016-11-22,28185.592373156163
2016-11-23,-133913.95554485754
2016-11-24,-380.15626357356086
2016-11-25,45906.180299081694
2016-11-26,-85957.72981618106
2016-11-27,-202149.75669515802
2016-11-28,-43766.169984857814
2016-11-29,-95.4497925057949
2016-11-30,27255.612111577502
2016-12-01,53090.56108564889
2016-12-02,32917.21889381998
2016-12-03,-23543.593463291123
2016-12-04,-51712.06828308583
2016-12-05,42057.283622223826
2016-12-06,-21014.589308034192
2016-12-07,36552.071672407474
2016-12-08,-84373.69327749996
2016-12-09,-25620.045068453488
2016-12-10,-11691.136651073248
2016-12-11,-31435.214752237487
2016-12-12,400794.4467727693
2016-12-13,76845.20640859153
2016-12-14,89080.0755688335
2016-12-15,-56345.66295858496
2016-12-16,179904.83427410002
2016-12-17,-109116.03873584032
2016-12-18,-617827.386441465
2016-12-19,-249732.31243445922
2016-12-20,-739494.4989928222
2016-12-21,1030009.3603474292
2016-12-22,975508.013635412
2016-12-23,470370.61229903065
2016-12-24,-8263.362904066918
2016-12-25,82337.9308621315
2016-12-26,143156.9290962091
2016-12-27,248821.12926456137
2016-12-28,-21265.093908789946
2016-12-29,182310.14484805815
2016-12-30,131986.0192920217
2016-12-31,-91589.3404251149
2017-01-01,43007.961411599215
2017-01-02,16505.422528946685
2017-01-03,86026.77517740313
2017-01-04,-26834.286724895413
2017-01-05,213.50090266630286
2017-01-06,-37963.24509369314
2017-01-07,-39994.41185036383
2017-01-08,-33602.917889909324
2017-01-09,-14847.662638365466
2017-01-10,-432.10748670549947
2017-01-11,-115071.85146026389
2017-01-12,-76493.18580136806
2017-01-13,67456.45453465095
2017-01-14,-109445.68170977064
2017-01-15,-199968.3117201861
2017-01-16,93677.59471350966
2017-01-17,-427882.6746164445
2017-01-18,-370592.96266545926
2017-01-19,-590922.5814866722
2017-01-20,432035.98106426233
2017-01-21,-338765.71130810014
2017-01-22,-336212.10456139385
2017-01-23,205414.82564816927
2017-01-24,182957.8965588892
2017-01-25,82749.80924904728
2017-01-26,-140907.8604586355
2017-01-27,1357.093770591251
2017-01-28,-75158.75176314378
2017-01-29,-194480.63282435152
2017-01-30,21405.14110168934
2017-01-31,-48255.18837874988
2017-02-01,28649.16112265372
2017-02-02,-113561.15190349889
2017-02-03,-148343.488445215
2017-02-04,-150550.98419674777
2017-02-05,-127259.56148028446
2017-02-06,-116808.61428660556
2017-02-07,-90649.13572437139
2017-02-08,-118050.44263859649
2017-02-09,102787.99468867065
2017-02-10,-124643.66877516822
2017-02-11,-32333.715552277383
2017-02-12,-57804.12459475134
2017-02-13,-17808.618642722693
2017-02-14,-19127.94085327274
2017-02-15,-54076.8728136936
2017-02-16,-132203.22432890435
2017-02-17,-185579.0757000266
2017-02-18,-361562.1838385232
2017-02-19,-1108371.0802597941
2017-02-20,648042.9219030968
2017-02-21,295164.52555700066
2017-02-22,58428.779743324616
2017-02-23,-72609.4185106816
2017-02-24,-102374.81196358387
2017-02-25,-181464.7765948511
2017-02-26,-469.4287613048509
2017-02-27,-38167.57817786542
2017-02-28,221916.96505812078
2017-03-01,-10536.300647416385
2017-03-02,-15789.331779100175
2017-03-03,55394.98761777561
2017-03-04,188675.0653239908
2017-03-05,-8398.530866012938
2017-03-06,112363.39480356565
2017-03-07,47150.68257982351
2017-03-08,75677.92449776176
2017-03-09,143202.48568949246
2017-03-10,78014.01095312543
2017-03-11,-95550.6658873379
2017-03-12,-42680.224847545585
2017-03-13,-1927.513976050468
2017-03-14,-66055.31740564824
2017-03-15,65786.80136726802
2017-03-16,59796.91987876018
2017-03-17,-64698.831421584764
2017-03-18,-111170.70774362455
2017-03-19,-113067.02268068353
2017-03-20,-77537.96759254468
2017-03-21,922251.5313569098
2017-03-22,62160.9568517626
2017-03-23,-37109.197875668004
2017-03-24,24875.5553982642
2017-03-25,-161721.61599123804
2017-03-26,-83755.92671482216
2017-03-27,155829.86786385716
2017-03-28,55236.90927958471
2017-03-29,17196.996027302113
2017-03-30,-25473.56126978458
2017-03-31,-617.2584507208958
2017-04-01,-103158.41384369918
2017-04-02,-62025.59684076508
2017-04-03,61726.78654636575
2017-04-04,40261.04079190671
2017-04-05,264572.0762845954
2017-04-06,86912.2199299213
2017-04-07,60860.47895230308
2017-04-08,5288.189067982108
2017-04-09,25776.369305970875
2017-04-10,-17079.193904324056
2017-04-11,267943.91131941305
2017-04-12,175435.81682501157
2017-04-13,-12273.302981849381
2017-04-14,59795.48847819248
2017-04-15,-1898.3657651638205
2017-04-16,-3722.017470376013
2017-04-17,-81457.42934599723
2017-04-18,-657.0321724684909
2017-04-19,-78252.19543831603
2017-04-20,335684.98741809407
2017-04-21,-345035.8368988229
2017-04-22,92418.7054656616
2017-04-23,-152288.6872383728
2017-04-24,22503.634108973434
2017-04-25,94958.41039018118
2017-04-26,50067.36997877603
2017-04-27,-123821.21717902701
2017-04-28,14461.219245576503
2017-04-29,-84528.36286430946
2017-04-30,-92423.6989202059
2017-05-01,4376.760002012117
2017-05-02,50242.362738085474
2017-05-03,-67208.63216349488
2017-05-04,243205.87132872673
2017-05-05,-17335.099726069137
2017-05-06,37926.811130201415
2017-05-07,-33464.883036179905
2017-05-08,-50773.41494542554
2017-05-09,-41784.52757712605
2017-05-10,79835.11506595984
2017-05-11,-129015.7772356203
2017-05-12,42656.610718467826
2017-05-13,-24174.50377672937
2017-05-14,169784.93923060477
2017-05-15,-70469.20450363544
2017-05-16,10066.271001386544
2017-05-17,-34195.5516401199
2017-05-18,8986.505094522377
2017-05-19,567198.6920287487
2017-05-20,-617381.6651407375
2017-05-21,-452329.7749254247
2017-05-22,-37399.177064025775
2017-05-23,106264.87066994718
2017-05-24,-54827.13540073478
2017-05-25,-68596.75433735966
2017-05-26,28203.70926866145
2017-05-27,-28923.230047154764
2017-05-28,-66963.10352967071
2017-05-29,-109553.3349878765
2017-05-30,603737.0983000784
2017-05-31,176896.08587121608
2017-06-01,42134.5995512034
2017-06-02,41091.70823916556
2017-06-03,-116832.69170954186
2017-06-04,-169740.03326476712
2017-06-05,-20549.101388424548
2017-06-06,26313.31272087572
2017-06-07,203214.61934432405
2017-06-08,124590.311332649
2017-06-09,229517.31690416695
2017-06-10,-56206.762674403144
2017-06-11,-94943.25113367377
2017-06-12,-5347.150484550919
2017-06-13,-2660.796277095418
2017-06-14,24546.4967306169
2017-06-15,-46239.2737855959
2017-06-16,118576.52286075894
2017-06-17,-55226.576378330166
2017-06-18,-351634.5451147617
2017-06-19,-754274.9747112908
2017-06-20,720543.463383484
2017-06-21,545591.793463743
2017-06-22,310659.0194098861
2017-06-23,466389.4971148302
2017-06-24,-28638.72936241844
2017-06-25,-242383.31983413687
2017-06-26,238083.07564670412
2017-06-27,71039.45398643828
2017-06-28,204375.23227023974
2017-06-29,-206072.36877258506
2017-06-30,212295.0031425509
2017-07-01,13520.30346038437
2017-07-02,-52532.236217060534
2017-07-03,-83372.44280184951
2017-07-04,-59185.91448946041
2017-07-05,23002.815323321352
2017-07-06,89368.84509804733
2017-07-07,237356.68624018916
2017-07-08,-84193.73211834984
2017-07-09,-98912.16663177952
2017-07-10,-39588.81717096723
2017-07-11,1556.9462999806274
2017-07-12,90225.52829165373
2017-07-13,-123738.42924695564
2017-07-14,-70280.23236375887
2017-07-15,-46994.99738646306
2017-07-16,-139110.34735129974
2017-07-17,-42824.78618968124
2017-07-18,-200191.35210711166
2017-07-19,-479514.5777693618
2017-07-20,163704.16113174625
2017-07-21,-72868.26577099506
2017-07-22,-230358.49960660143
2017-07-23,-130101.46581401106
2017-07-24,113662.85038692609
2017-07-25,42047.333062644146
2017-07-26,-51421.72935419835
2017-07-27,83629.20861225744
2017-07-28,-6652.375997309573
2017-07-29,-233032.15249130694
2017-07-30,-263692.2317237514
2017-07-31,310422.6509028212
2017-08-01,31450.068198024586
2017-08-02,83192.0224819287
2017-08-03,-31299.161163897545
2017-08-04,29373.373939708224
2017-08-05,-133970.620181221
2017-08-06,-242995.5455734072
2017-08-07,32351.02556160823
2017-08-08,-97136.62431237887
2017-08-09,-99627.57985278362
2017-08-10,11559.193321158673
2017-08-11,52092.70185237346
2017-08-12,-104217.1850460433
2017-08-13,-43582.81971070285
